CREATE SCHEMA IF NOT EXISTS `steam`;
USE `steam` ;

CREATE TABLE IF NOT EXISTS `steam`.`game` (
  `idGame` INT NOT NULL AUTO_INCREMENT,
  `gameName` VARCHAR(45) NOT NULL,
  `releaseDate` DATE NOT NULL,
  `price` INT NOT NULL,
  `reviewScore` INT NOT NULL,
  `image` VARCHAR(45) NULL,
  PRIMARY KEY (`idGame`));
  
INSERT INTO game (gameName, releaseDate, price, reviewScore, image) VALUES
('Cyberpunk 2077', '2020-12-10', 180000, 9, NULL),
('Minecraft', '2011-11-18', 90000, 10, NULL),
('Stardew Valley', '2016-02-26', 45000, 9, NULL),
('The Witcher 3', '2015-05-19', 150000, 10, NULL),
('Valorant', '2020-06-02', 0, 8, NULL),
('Overwatch 2', '2022-10-04', 0, 7, NULL),
('Red Dead Redemption 2', '2018-10-26', 200000, 10, NULL),
('Hades', '2020-09-17', 80000, 9, NULL),
('Elden Ring', '2022-02-25', 220000, 10, NULL),
('Apex Legends', '2019-02-04', 0, 8, NULL),
('GTA V', '2013-09-17', 120000, 9, NULL),
('League of Legends', '2009-10-27', 0, 8, NULL),
('Fortnite', '2017-07-21', 0, 7, NULL),
('Hollow Knight', '2017-02-24', 60000, 9, NULL),
('Assassin’s Creed Mirage', '2023-10-05', 180000, 8, NULL);
('City of Steel', '2021-07-22', 49, 83, NULL),
('Cyberline', '2020-11-10', 69, 88, NULL),
('Lost Kingdoms', '2024-02-17', 59, 92, NULL),
('Frozen Realms', '2020-12-01', 45, 81, NULL),
('Desert Storm X', '2023-05-10', 65, 86, NULL),
('Racing Thunder', '2021-08-14', 55, 84, NULL),
('Sky Frontier', '2024-01-20', 49, 90, NULL),
('Battle for Terra', '2020-09-09', 60, 85, NULL),
('The Forgotten City', '2021-06-01', 50, 88, NULL),
('Neon Shadows', '2024-05-01', 70, 94, NULL),
('Kingdom Forge', '2021-05-25', 60, 87, NULL),
('Zombie Nightfall', '2023-10-10', 55, 89, NULL),
('Space Odyssey', '2022-09-12', 69, 91, NULL),
('Quantum Rush', '2023-07-04', 65, 90, NULL),
('Cursed Empire', '2024-03-22', 69, 88, NULL),
('Rise of Titans', '2019-10-11', 70, 90, NULL),
('Frozen Skies', '2024-04-04', 69, 92, NULL),
('Warzone Delta', '2023-09-01', 55, 85, NULL),
('Shadow Protocol', '2022-10-16', 60, 89, NULL),
('Dragonfall', '2023-12-24', 69, 91, NULL),
('Metal Fury', '2024-07-18', 70, 94, NULL),
('Nova Pulse', '2024-09-12', 75, 95, NULL);


CREATE TABLE IF NOT EXISTS `steam`.`user` (
  `idUser` VARCHAR(45) NOT NULL,
  `userPassword` VARCHAR(45) NOT NULL,
  `email` VARCHAR(45) NOT NULL,
  `cellphone` VARCHAR(45) NOT NULL,
  `image` VARCHAR(45) NULL,
  PRIMARY KEY (`idUser`));

INSERT INTO user (idUser, userPassword, email, cellphone, image) VALUES
('camilag', 'pass123', 'camila.gomez@gmail.com', '3115029988', NULL),
('luis_gamer', 'Lgs123!', 'luisgamer@gmail.com', '5551030201', NULL),
('ana.play', 'Apw#44', 'ana.play@hotmail.com', '5551030202', NULL),
('martin_87', 'Mrt!2023', 'martin87@yahoo.com', '5551030203', NULL),
('sofia.luna', 'Soluna1*', 'sofia.luna@gmail.com', '5551030204', NULL),
('daniel_dev', 'Dd_2024$', 'daniel.dev@gmail.com', '5551030205', NULL),
('carla_plays', 'Cplays@22', 'carla.plays@gmail.com', '5551030206', NULL),
('leo_ramos', 'LeoR!45', 'leo.ramos@yahoo.com', '5551030207', NULL),
('marina_m', 'Mm2024!', 'marina.m@hotmail.com', '5551030208', NULL),
('fran_k', 'Fran#K21', 'fran.k@gmail.com', '5551030209', NULL),
('valen_sky', 'ValS*99', 'valen.sky@gmail.com', '5551030210', NULL),
('jorge_lg', 'Jlg@23', 'jorge.lg@gmail.com', '5551030211', NULL),
('paula_arts', 'Pau@321', 'paula.arts@yahoo.com', '5551030212', NULL),
('ramirox', 'Rx#2024', 'ramirox@hotmail.com', '5551030213', NULL),
('andre.tor', 'At_15$', 'andre.tor@gmail.com', '5551030214', NULL),
('veronica_r', 'Vr!77', 'veronica.r@hotmail.com', '5551030215', NULL),
('juan_cg', 'Jcg@2023', 'juan.cg@gmail.com', '5551030216', NULL),
('lucia_b', 'Lb#102', 'lucia.b@gmail.com', '5551030217', NULL),
('carlos_mp', 'Cmp!88', 'carlos.mp@gmail.com', '5551030218', NULL),
('maria_lopez', 'Mlopez22$', 'maria.lopez@yahoo.com', '5551030219', NULL),
('roberto_f', 'Rf@333', 'roberto.f@gmail.com', '5551030220', NULL),
('ines_g', 'Ines#99', 'ines.g@hotmail.com', '5551030221', NULL),
('alejandro', 'Ale_!45', 'alejandro@mail.com', '5551030222', NULL),
('sara_d', 'SaraD@24', 'sara.d@gmail.com', '5551030223', NULL),
('felipe_r', 'Fr!09', 'felipe.r@hotmail.com', '5551030224', NULL),
('noelia', 'Noe#22', 'noelia@mail.com', '5551030225', NULL),
('emanuel_v', 'Eman2024$', 'emanuel.v@gmail.com', '5551030226', NULL),
('andrea_l', 'Andr_12', 'andrea.l@hotmail.com', '5551030227', NULL),
('gaston_m', 'Gm@1990', 'gaston.m@gmail.com', '5551030228', NULL),
('milagros_t', 'Mila#23', 'milagros.t@gmail.com', '5551030229', NULL),
('nicolas_j', 'Nico@01', 'nicolas.j@hotmail.com', '5551030230', NULL),
('camila_p', 'Cami!21', 'camila.p@gmail.com', '5551030231', NULL),
('sebastian_r', 'SebR_88', 'sebastian.r@hotmail.com', '5551030232', NULL),
('laura.z', 'Lz@2023', 'laura.z@gmail.com', '5551030233', NULL),
('marcos_77', 'Mk#44', 'marcos77@gmail.com', '5551030234', NULL),
('patricia_h', 'Ph!20', 'patricia.h@hotmail.com', '5551030235', NULL),
('ricardo_q', 'Rq@300', 'ricardo.q@gmail.com', '5551030236', NULL),
('florencia_v', 'Flv#24', 'florencia.v@gmail.com', '5551030237', NULL),
('victor_p', 'Vp!002', 'victor.p@hotmail.com', '5551030238', NULL),
('natalia_c', 'Nc@2024', 'natalia.c@gmail.com', '5551030239', NULL),
('gustavo_l', 'Gl#2022', 'gustavo.l@gmail.com', '5551030240', NULL),
('melina_r', 'Mel!11', 'melina.r@hotmail.com', '5551030241', NULL),
('ignacio.t', 'Ign#88', 'ignacio.t@gmail.com', '5551030242', NULL),
('celeste', 'Cel_22!', 'celeste@mail.com', '5551030243', NULL),
('oscar.v', 'Osc@20', 'oscar.v@gmail.com', '5551030244', NULL),
('valeria_m', 'Val#77', 'valeria.m@gmail.com', '5551030245', NULL),
('hugo_p', 'Hp@23', 'hugo.p@hotmail.com', '5551030246', NULL),
('rebeca_j', 'Rj!101', 'rebeca.j@gmail.com', '5551030247', NULL),
('jorge_m', 'Jm@2023', 'jorge.m@gmail.com', '5551030248', NULL),
('soledad_v', 'Sol#55', 'soledad.v@gmail.com', '5551030249', NULL),
('alan_d', 'Ad@999', 'alan.d@gmail.com', '5551030250', NULL);

CREATE TABLE IF NOT EXISTS `steam`.`library` (
  `idUser` VARCHAR(45) NOT NULL,
  `idGame` INT NOT NULL,
  `purchaseDate` DATE NOT NULL,
  `hoursPlayed` INT NULL DEFAULT NULL,
  PRIMARY KEY (`username`, `idGame`),
  INDEX `fk_user_has_game_game1_idx` (`idGame` ASC) ,
  INDEX `fk_user_has_game_user1_idx` (`idUser` ASC) ,
  CONSTRAINT `fk_user_has_game_game1`
    FOREIGN KEY (`idGame`)
    REFERENCES `steam`.`game` (`idGame`),
  CONSTRAINT `fk_user_has_game_user1`
    FOREIGN KEY (`idUser`)
    REFERENCES `steam`.`user` (`idUser`));
    
INSERT INTO `library` (`idUser`, `idGame`, `purchaseDate`, `hoursPlayed`) VALUES
('camilag', 1, '2024-10-10', 45),
('ana.play', 5, '2024-02-18', 60),
('martin_87', 2, '2023-09-22', 95),
('sofia.luna', 10, '2023-12-25', 70),
('daniel_dev', 8, '2023-08-01', 110),
('carla_plays', 3, '2023-06-16', 45),
('leo_ramos', 6, '2023-07-12', 30),
('marina_m', 7, '2023-10-05', 55),
('fran_k', 9, '2023-09-08', 90),
('valen_sky', 11, '2024-03-15', 100),
('jorge_lg', 12, '2023-11-03', 75),
('paula_arts', 13, '2023-10-18', 50),
('ramirox', 14, '2023-07-23', 68),
('andre.tor', 15, '2024-01-09', 120),
('veronica_r', 16, '2022-12-01', 85),
('juan_cg', 17, '2023-04-15', 150),
('lucia_b', 18, '2023-10-10', 130),
('carlos_mp', 19, '2024-02-05', 140),
('maria_lopez', 20, '2023-09-07', 60),
('roberto_f', 21, '2023-03-30', 95),
('ines_g', 22, '2023-06-20', 80),
('alejandro', 23, '2023-08-14', 70),
('sara_d', 24, '2023-07-07', 65),
('felipe_r', 25, '2022-11-15', 55),
('noelia', 26, '2024-03-28', 101),
('emanuel_v', 27, '2023-09-11', 45),
('andrea_l', 28, '2023-05-12', 90),
('gaston_m', 29, '2023-07-17', 60),
('milagros_t', 30, '2023-08-05', 80),
('nicolas_j', 31, '2023-09-25', 110),
('camila_p', 32, '2024-01-04', 70),
('sebastian_r', 33, '2023-12-12', 130),
('laura.z', 34, '2023-11-10', 150),
('marcos_77', 35, '2024-02-15', 140),
('patricia_h', 36, '2023-08-01', 85),
('ricardo_q', 37, '2023-07-04', 60),
('florencia_v', 38, '2024-04-01', 75),
('victor_p', 39, '2023-10-29', 65),
('natalia_c', 40, '2023-06-11', 55),
('gustavo_l', 41, '2023-05-09', 90),
('melina_r', 42, '2024-01-28', 70),
('ignacio.t', 43, '2023-09-30', 100),
('celeste', 44, '2023-07-12', 80),
('oscar.v', 45, '2023-08-20', 65),
('valeria_m', 46, '2024-02-02', 95),
('hugo_p', 47, '2022-12-12', 50),
('rebeca_j', 48, '2024-04-20', 105),
('jorge_m', 49, '2023-10-15', 120),
('soledad_v', 50, '2024-03-01', 200),
('alan_d', 15, '2023-11-11', 180);
    
SELECT * FROM user;
SELECT * FROM game;
SELECT * FROM `library`;